1,1,167.5
1,9,163
1,12,153
1,4,155
1,4.5,146.5
1,38.5,166.5
1,222,195.5
1,253,150
1,291,122
1,294.5,112
1,303.5,120.5
1,304.5,133
1,307,147
1,302,160
1,310,163.5
1,320.5,157
1,316.5,143.5
1,340.5,140
1,341.5,132
1,348,126.5
1,356.5,129.5
1,358.5,138
1,350.5,140.5
1,351.5,155
1,367,148.5
1,364,161
1,360,172
1,260,286.5
1,259.5,275.5
1,204.5,454.5
1,201,445.5
1,198.5,437
1,210.5,424.5
1,212,445.5
1,224.5,436
1,221,428
1,237,434
1,243.5,438.5
1,243.5,447.5
1,233.5,445.5
1,231.5,453.5
1,234,462
1,359,391.5
1,354.5,386.5
1,338,380.5
1,350,377.5
1,347,368.5
1,357.5,368
1,374,378
1,390,364
1,459,331.5
1,481,359
1,485.5,364.5
1,485.5,388
1,478.5,379.5
1,497.5,375
1,417,448
1,423,464.5
1,427.5,447.5
1,440,445
1,443.5,455.5
1,369.5,364.5
1,487.5,374
1,379,301
2,41.5,167.5
2,1.5,165
2,7,159.5
2,4,148.5
2,10.5,151
2,9,137.5
2,223.5,196.5
2,253,151
2,296,164.5
2,287,161.5
2,291,154.5
2,301.5,152.5
2,308.5,148
2,318.5,141
2,297,136
2,290.5,122.5
2,303.5,120
2,296.5,113
2,339.5,149
2,341,132
2,355.5,138.5
2,364,147
2,354,152
2,366,159
2,260.5,287.5
2,259,275
2,202.5,446.5
2,196.5,439.5
2,214.5,441
2,210.5,431.5
2,207,422
2,219,421.5
2,235,430
2,231,425
2,246,443
2,232.5,444
2,242.5,453.5
2,229,461
2,241.5,435.5
2,360,392
2,353.5,388
2,339.5,383.5
2,350,378
2,347,369
2,357.5,367.5
2,370,364.5
2,369.5,377.5
2,379.5,385.5
2,389.5,368
2,414,436
2,416.5,447.5
2,427.5,447
2,424.5,454.5
2,439,458
2,446,451
2,439.5,439
2,460,332
2,474,369
2,480,358.5
2,487,386.5
2,488.5,372
2,494.5,367.5
2,497,377
2,378,302
3,1,170
3,2.5,162.5
3,7,151
3,13,157
3,14.5,145
3,12,135.5
3,41,167
3,193.5,441.5
3,208,445
3,219.5,440.5
3,210,433
3,208.5,423
3,226.5,426
3,231.5,460.5
3,230,443.5
3,241,448.5
3,250.5,454.5
3,243,440.5
3,236.5,432
3,346,390
3,357,391.5
3,329,375.5
3,340,379.5
3,346.5,372.5
3,358.5,375.5
3,369.5,368
3,373.5,376
3,389,368
3,382,387
3,419.5,445
3,421,454
3,428.5,447.5
3,443.5,452.5
3,448,442
3,437.5,434
3,435,452.5
3,460,333
3,480.5,358
3,486.5,371
3,487,386
3,498,377.5
3,498.5,364.5
3,490,356
3,378.5,302.5
3,260,287
3,258,275.5
3,223,198
3,253.5,148
3,296,165
3,287.5,159
3,297.5,153.5
3,305,139
3,312.5,149
3,317.5,140
3,305.5,122.5
3,294,125
3,295,112
3,334,153.5
3,342.5,133
3,344,146
3,354.5,137.5
3,353.5,153
3,364.5,145
3,366,158
3,370,164
4,6,168
4,2,156
4,9.5,150.5
4,6.5,139
4,20.5,140
4,7,128.5
4,41.5,166
4,222.5,198.5
4,252,146
4,260.5,287
4,258,276.5
4,186,448
4,204,444.5
4,215.5,433
4,206.5,422
4,228,459
4,237.5,462.5
4,245.5,453
4,233,449.5
4,232.5,440.5
4,231.5,432
4,239.5,439
4,348.5,405.5
4,343.5,387.5
4,338,377
4,322.5,363.5
4,352,377
4,360,377
4,362,366
4,383.5,366.5
4,388,387
4,380.5,302.5
4,461,333.5
4,413,436.5
4,428,447.5
4,442,451.5
4,447.5,441.5
4,436.5,438
4,441,431.5
4,486,384.5
4,481,370.5
4,480.5,357
4,495.5,362
4,488.5,370
4,496.5,377
4,285.5,181
4,289.5,174.5
4,278.5,172
4,287.5,164.5
4,292,151
4,296,113.5
4,305.5,117
4,305,128
4,314.5,134
4,314,145
4,316,157
4,332,144
4,341,134.5
4,349,135.5
4,352.5,149.5
4,361,145.5
4,363.5,158
4,351,174.5
4,343.5,161.5
4,339.5,155
4,380.5,378
5,10.5,167
5,5.5,155.5
5,18,148
5,20,138.5
5,8,139.5
5,12.5,131.5
5,3.5,130.5
5,5.5,119
5,40,169
5,223,196.5
5,262,289
5,261.5,279
5,186,448
5,198,440
5,206,447
5,210.5,439.5
5,219.5,435
5,203.5,420
5,233.5,431.5
5,233.5,441
5,223,448
5,238,449
5,231,465
5,247,458
5,348.5,414.5
5,344.5,390
5,336,376.5
5,322.5,358.5
5,349,377.5
5,362.5,374
5,373.5,362
5,375.5,384.5
5,389.5,366.5
5,412,448.5
5,428.5,449
5,429.5,434
5,442,430
5,444.5,443.5
5,445,456
5,491.5,381.5
5,490.5,370
5,479,356
5,461,332.5
5,381.5,303
5,292,182
5,281.5,180
5,295,173.5
5,285,166.5
5,292.5,151.5
5,284,158
5,272,156
5,253,148
5,294,116.5
5,298.5,127.5
5,308,125
5,312.5,136.5
5,313.5,152
5,323,142.5
5,339.5,133.5
5,342,151
5,327.5,155.5
5,337.5,161.5
5,355.5,151.5
5,357.5,161
5,368.5,156.5
5,388,379.5
6,41.5,167.5
6,5.5,167
6,7.5,154.5
6,5.5,146.5
6,5,135
6,16,138.5
6,2,125
6,222.5,196.5
6,253.5,146.5
6,274,150
6,295,180
6,292.5,173
6,289,162
6,303,177
6,323.5,163
6,319,158.5
6,317,146
6,314,135
6,309,125.5
6,300.5,128
6,289.5,117.5
6,338,163
6,335.5,150
6,331,140
6,344.5,139
6,350,152.5
6,354,167
6,364,157
6,377,160
6,380,302.5
6,261,284.5
6,234.5,467
6,249.5,464
6,232.5,453.5
6,236.5,441.5
6,221,450.5
6,208.5,440.5
6,188,441
6,198,441.5
6,198,431.5
6,201.5,420
6,218.5,439
6,343,423.5
6,345.5,402.5
6,342.5,375
6,319,352.5
6,354,367
6,356.5,395
6,349.5,384.5
6,364.5,384
6,378.5,390
6,390,379
6,393,365.5
6,415.5,460.5
6,432.5,449
6,424.5,447.5
6,423.5,442
6,419,432.5
6,441,429.5
6,447,463
6,452.5,454
6,461.5,333
6,477,356
6,491,366.5
6,491.5,380
6,497,373
6,371.5,379
6,433,433.5
7,342.5,429
7,344.5,409
7,354,401.5
7,341.5,376.5
7,360.5,365.5
7,377.5,358
7,391.5,364
7,388,384.5
7,373,394
7,369.5,375.5
7,263,284
7,312.5,344
7,379,304
7,460,333
7,471,354.5
7,489,368
7,496,379.5
7,40.5,167.5
7,27,163
7,6,167.5
7,26.5,137
7,11,137
7,2.5,134.5
7,18.5,151
7,223,197
7,253.5,146.5
7,281,149
7,288.5,172
7,295,160
7,297.5,170
7,305,171.5
7,307,182
7,319,167.5
7,314,158
7,288,120
7,298.5,131.5
7,310,122
7,313,134.5
7,317,145.5
7,342.5,141
7,348,154.5
7,360.5,169
7,376,161.5
7,383,169
7,415.5,458
7,437,449
7,424,441.5
7,417,429
7,441.5,429.5
7,447,467
7,458.5,462.5
7,248,462.5
7,248,476.5
7,233,468
7,226,470
7,221,459
7,220.5,448
7,218.5,440.5
7,234,437
7,207.5,440
7,193.5,436
7,191.5,428.5
7,192.5,415
7,443,421
8,346.5,434
8,348.5,419.5
8,359.5,414.5
8,347.5,404
8,361.5,400
8,365,382.5
8,341,389
8,346,374
8,361,365.5
8,381,390
8,387.5,373
8,365,352
8,362,343
8,309.5,337.5
8,261.5,286.5
8,460.5,333
8,466,353
8,442,429
8,419.5,430
8,414.5,442.5
8,418.5,456.5
8,439.5,453
8,449,469.5
8,459.5,467
8,498,378.5
8,491,368.5
8,495.5,356.5
8,315.5,186.5
8,308.5,178
8,300.5,173
8,290.5,174.5
8,294.5,163
8,289.5,152
8,261,146
8,249,148.5
8,283,122
8,290.5,127
8,309,123.5
8,312.5,136
8,316.5,148
8,308.5,157.5
8,323.5,173.5
8,335.5,155
8,325.5,153
8,338.5,141.5
8,348,156
8,356,146
8,363.5,166.5
8,376,161.5
8,386,176
8,38,173
8,8,173.5
8,21,163.5
8,29.5,156.5
8,25.5,147.5
8,37.5,149.5
8,37.5,143.5
8,30.5,130.5
8,19.5,137.5
8,19,124
8,7.5,136
8,182,426.5
8,196,427.5
8,195.5,418.5
8,185.5,414
8,196,438
8,204.5,442.5
8,218.5,461
8,225,450.5
8,232,434.5
8,250,457
8,255.5,476.5
8,233,470.5
8,245,470
8,442,409
8,378.5,303
8,222.5,197
8,10.5,157.5
9,442,401
9,7.5,174.5
9,34,180.5
9,43,171.5
9,44.5,160
9,43,141
9,29,152.5
9,17.5,143
9,27.5,131.5
9,19,122.5
9,223,195.5
9,257,146.5
9,247.5,146.5
9,290,182.5
9,294,173
9,302,165
9,305,156
9,304.5,177
9,300,184
9,307,187.5
9,317.5,188
9,330,193
9,328,179
9,388.5,181.5
9,368.5,165
9,379,160
9,397,152.5
9,347,159
9,316.5,148
9,310.5,135.5
9,308,125.5
9,293.5,133
9,283.5,124
9,337,150
9,336,141
9,267,287.5
9,257,287.5
9,178.5,440
9,178.5,422.5
9,189.5,436.5
9,192,420.5
9,199.5,441.5
9,204,418.5
9,221.5,432
9,232,430
9,219.5,459.5
9,227.5,467.5
9,236.5,472.5
9,247.5,467
9,243,483
9,260,481.5
9,268,474.5
9,255,471.5
9,263.5,461.5
9,303.5,329
9,333.5,372.5
9,348.5,368
9,363.5,336
9,364.5,349
9,380,303
9,358.5,372
9,366,361
9,364.5,385.5
9,364.5,399.5
9,347.5,406
9,352.5,394.5
9,339,384.5
9,343.5,434
9,350,425.5
9,386.5,381
9,409,449.5
9,422,449.5
9,418,431
9,441.5,428.5
9,441,455
9,450.5,471
9,461.5,470
9,461,353.5
9,452,350.5
9,461,332.5
9,489,366.5
9,494.5,355
9,498,370
9,27,162
10,307,196.5
10,297.5,193.5
10,296,183.5
10,305,185.5
10,303.5,175
10,299.5,168
10,307.5,162
10,316,148.5
10,310,133.5
10,296.5,134
10,286.5,127.5
10,278,133
10,254.5,140
10,251,151
10,223,196.5
10,334.5,190
10,321.5,191
10,322.5,184.5
10,330,175
10,387,186.5
10,371,163.5
10,384,159
10,334,153
10,338,143
10,345,159.5
10,356,142.5
10,356,132
10,333,118.5
10,23.5,190
10,6.5,173.5
10,32,158.5
10,41,153
10,56,157.5
10,74.5,158.5
10,65,151.5
10,50.5,134
10,31.5,134
10,21,123.5
10,264,291
10,253,291.5
10,297,315
10,182,445.5
10,186.5,433
10,195.5,440
10,189.5,415
10,199.5,412.5
10,203.5,429.5
10,230,428
10,226,464.5
10,244.5,482
10,237.5,468.5
10,241.5,457.5
10,246,464
10,259,460.5
10,265,480.5
10,268.5,470.5
10,269.5,454
10,256,487
10,344,435
10,351.5,429.5
10,342.5,404
10,354.5,397.5
10,368.5,403
10,388,382.5
10,386,364.5
10,374,371.5
10,359,378.5
10,357.5,366
10,328,373.5
10,362,345
10,361.5,334
10,379,302.5
10,408.5,436
10,425,460
10,427,447.5
10,448,457.5
10,450,474
10,461.5,472
10,442,427.5
10,441,405.5
10,459.5,355
10,451,348
10,460.5,333
10,488,368.5
10,496,358
10,499,372
10,497,349
10,32,169.5
10,348.5,388
11,241.5,150
11,250.5,146
11,265.5,137
11,287.5,125.5
11,302.5,138.5
11,312.5,133
11,330.5,125.5
11,317.5,146.5
11,303,158.5
11,316,163.5
11,323.5,170
11,311,176.5
11,303.5,181.5
11,301.5,193
11,312,197.5
11,312.5,188.5
11,325,196.5
11,324.5,186.5
11,337,192.5
11,333.5,182
11,386,204
11,386.5,159
11,376,164.5
11,363,159
11,355,162
11,356,148
11,338.5,156.5
11,334,146
11,80.5,144
11,70,153
11,65.5,161
11,54.5,165.5
11,44.5,173.5
11,21.5,192
11,5.5,172
11,23,124.5
11,37.5,141
11,60.5,130.5
11,42,158
11,222.5,196.5
11,294,310
11,265.5,295.5
11,256,296
11,180.5,412.5
11,188.5,425
11,186.5,436
11,194.5,439
11,204.5,442
11,227.5,430
11,228.5,467.5
11,241.5,479.5
11,259.5,488.5
11,272,477
11,253.5,473
11,244,465
11,255,458.5
11,266,447.5
11,343,433
11,349,425.5
11,333,398.5
11,352.5,397.5
11,370.5,403.5
11,363.5,390.5
11,342.5,382
11,327.5,376.5
11,353,368
11,372,374
11,372.5,362
11,397,365.5
11,362,331
11,362.5,343
11,379,303.5
11,447.5,348
11,458,356.5
11,459,346
11,461.5,331.5
11,495.5,349.5
11,491,359.5
11,497,368
11,492.5,374
11,494.5,384.5
11,442,402.5
11,442.5,427
11,419.5,435
11,426,449
11,441.5,457
11,449,468
11,459.5,476
11,448.5,484
11,30,167.5
12,66,122
12,92,158.5
12,69.5,157
12,67.5,165.5
12,57,175
12,34.5,151.5
12,48.5,198
12,21,195
12,8,172
12,2.5,163
12,19,129
12,29,124.5
12,222.5,196.5
12,244.5,155.5
12,243.5,145.5
12,269,139.5
12,282.5,130
12,312,133.5
12,317.5,149
12,289.5,152
12,300,160
12,307.5,148.5
12,309,162.5
12,317.5,173.5
12,327.5,168
12,324.5,156.5
12,305.5,178.5
12,295.5,186.5
12,302,193.5
12,322.5,197
12,326,186.5
12,336.5,192.5
12,342.5,159.5
12,358.5,164.5
12,337.5,146
12,334.5,130
12,321,124.5
12,356,151
12,375,159.5
12,386,164.5
12,383,222
12,379,300.5
12,363,327.5
12,356,337
12,286.5,283
12,265,297.5
12,253,294
12,167.5,426.5
12,184.5,424.5
12,181,434.5
12,187,448
12,192,435
12,201.5,440
12,197,427
12,226.5,432.5
12,227.5,464.5
12,249.5,459
12,266,443
12,264.5,467.5
12,256.5,471.5
12,245,476
12,276.5,474
12,273.5,495.5
12,291,494.5
12,347,435
12,350,419
12,353,396
12,338,402.5
12,328.5,397.5
12,313,383
12,359,374.5
12,354.5,363.5
12,371,402.5
12,414,359
12,447,348.5
12,456.5,350.5
12,454.5,359
12,493.5,348.5
12,488.5,362
12,498.5,368.5
12,492,378.5
12,443,470.5
12,451.5,457.5
12,431,447.5
12,419.5,452.5
12,455.5,480.5
12,448,491.5
12,441,424.5
12,442.5,409.5
12,31,168
12,372,388.5
13,52,213
13,17,207.5
13,8,174
13,16.5,135
13,28,127.5
13,29.5,147.5
13,51.5,164.5
13,52,181
13,70,167
13,68.5,156
13,95.5,165.5
13,73.5,112
13,221,199.5
13,236.5,153.5
13,249,146.5
13,260,159.5
13,289.5,160.5
13,281.5,142.5
13,275,135
13,300.5,147
13,312,137
13,318.5,126.5
13,329.5,134.5
13,320.5,142.5
13,331,147
13,338,149.5
13,319.5,157.5
13,307,166.5
13,298.5,176
13,293.5,186.5
13,302,194.5
13,312.5,191.5
13,326,188.5
13,320,201
13,327.5,176.5
13,336.5,187.5
13,359,169.5
13,344,164
13,357.5,157
13,330,158.5
13,381,164.5
13,391,159
13,379,241.5
13,379,300
13,286.5,279.5
13,262.5,296.5
13,246.5,298.5
13,173.5,429.5
13,183.5,438
13,182,421.5
13,189.5,432
13,199.5,431.5
13,202,454
13,192.5,447
13,205.5,442.5
13,229,437.5
13,264.5,439.5
13,228.5,466.5
13,243.5,476
13,261,461
13,266,468.5
13,278,475.5
13,296,479
13,296,498.5
13,346.5,435.5
13,348,416
13,325.5,397
13,351.5,396
13,369.5,403.5
13,348.5,374
13,344,365.5
13,303,385.5
13,367,359
13,360,322.5
13,387,386
13,416,438.5
13,425.5,452
13,443,465
13,455.5,470.5
13,449.5,484.5
13,454.5,496
13,441.5,423.5
13,441.5,404.5
13,437,355
13,446,346
13,455,359.5
13,456,350
13,464,333
13,488.5,348.5
13,488.5,361
13,498,370.5
13,492.5,382
13,34,174.5
14,6.5,237
14,52,229
14,51.5,198.5
14,56,172
14,71.5,167.5
14,68.5,155.5
14,98.5,167.5
14,78.5,105
14,29.5,129
14,12,141
14,25.5,146
14,8,176
14,37.5,180
14,252,301
14,253,293.5
14,263,296
14,289.5,294
14,219,198.5
14,219,157.5
14,242,148
14,254.5,158
14,273,138.5
14,274.5,148
14,278,160
14,292,176
14,295.5,187
14,302.5,194
14,313.5,204
14,315,214
14,312,183.5
14,322,189.5
14,325,179
14,332.5,177.5
14,335,199
14,348,191
14,339.5,188.5
14,343.5,170.5
14,328,158
14,316,149.5
14,315,163
14,309,139.5
14,293.5,143
14,317.5,126.5
14,327,142.5
14,339,150
14,350.5,158
14,359.5,166.5
14,359,152.5
14,377,168
14,383,161
14,168.5,431
14,181,440.5
14,182.5,426
14,190.5,427
14,174,414.5
14,195.5,451.5
14,203,440.5
14,210,428
14,230.5,435
14,262.5,443
14,260.5,463.5
14,269,469.5
14,277.5,479.5
14,262.5,487.5
14,244,479.5
14,253,467
14,305,480
14,346.5,435
14,327,403.5
14,348,412.5
14,351,396.5
14,331.5,397.5
14,298.5,386
14,343.5,377.5
14,326.5,369
14,357,362.5
14,356,335.5
14,358,315
14,378.5,299
14,379,260.5
14,397,448.5
14,421.5,444
14,440,455.5
14,450,475
14,456.5,489.5
14,442,416.5
14,461,362
14,448,347.5
14,461,348
14,461.5,332.5
14,488,363.5
14,495.5,349
14,498.5,369.5
14,496,385.5
14,493,398
14,389,400.5
14,387,374.5
14,370,401
15,41,190
15,54.5,206.5
15,43,163
15,30.5,128.5
15,20,146.5
15,8,142
15,9,177.5
15,4.5,169.5
15,8.5,231.5
15,52,258
15,68,158
15,68,167.5
15,99.5,168.5
15,75.5,103.5
15,219,199
15,209,161.5
15,220.5,156.5
15,232.5,154.5
15,256.5,162
15,267.5,159.5
15,260.5,149
15,271,141.5
15,288,140.5
15,290.5,158.5
15,305.5,158
15,303,142
15,314,154
15,313,139.5
15,323.5,117.5
15,327,156
15,336,151.5
15,351.5,161.5
15,345.5,174.5
15,359.5,170.5
15,335,172
15,325.5,179
15,314,186.5
15,323,189.5
15,337,197.5
15,345.5,190
15,338,188
15,309.5,204.5
15,310.5,217
15,303,192.5
15,294.5,182.5
15,378,188.5
15,375,164
15,385.5,167.5
15,377.5,158
15,402.5,149.5
15,245,300
15,257.5,295.5
15,263,305
15,296.5,314
15,356,305.5
15,353.5,336
15,377.5,297
15,375.5,273
15,163,431
15,175,427.5
15,176.5,418
15,175,443
15,188.5,442.5
15,202,449.5
15,203.5,438.5
15,225,429
15,237.5,462.5
15,261.5,444
15,257,462.5
15,250.5,469.5
15,243.5,479.5
15,257,484.5
15,272,479.5
15,286,478.5
15,315.5,479.5
15,279.5,495.5
15,349.5,437.5
15,348.5,414
15,335.5,409
15,325.5,399.5
15,352.5,397
15,370.5,400.5
15,385.5,374.5
15,340.5,376.5
15,295,388
15,319.5,369.5
15,393,441.5
15,398,409
15,440,422
15,442.5,408
15,439.5,452.5
15,420,453
15,447.5,466.5
15,458,493.5
15,491,365.5
15,461.5,360.5
15,464.5,352
15,450.5,349
15,463.5,332.5
15,487.5,352.5
15,491.5,401
15,497.5,337.5
15,498.5,371
16,43,205
16,54,258.5
16,54,207
16,11,223
16,11.5,177.5
16,6,169.5
16,5,143
16,19.5,148
16,29.5,131.5
16,42,164
16,66.5,170
16,68,158.5
16,100,170.5
16,74.5,102.5
16,220,200.5
16,208,164
16,220.5,156
16,242,168.5
16,249,159.5
16,259.5,157.5
16,253.5,148.5
16,267.5,145.5
16,288,156.5
16,293,143.5
16,305,144
16,299,190
16,291.5,181
16,309,176.5
16,310,158
16,323,159.5
16,325,180.5
16,319.5,189.5
16,306.5,203
16,311,213.5
16,336.5,187.5
16,344,200
16,334.5,171.5
16,348,164.5
16,352,172
16,361.5,184
16,369.5,194
16,372.5,169
16,385.5,168.5
16,383,158.5
16,244,298.5
16,255.5,296
16,264.5,306
16,312,342.5
16,354,334.5
16,353.5,301.5
16,374,293
16,334.5,378
16,344.5,366
16,311.5,370
16,289,389.5
16,223.5,420.5
16,185.5,409.5
16,177.5,419
16,161.5,419
16,167,434
16,180.5,441
16,189,439
16,204.5,438
16,219,441.5
16,254.5,467
16,261,439
16,245.5,443.5
16,270.5,463.5
16,270,478
16,258,485
16,245.5,483
16,288,479
16,303,482
16,323,483
16,350,437
16,349.5,414.5
16,353,397
16,372.5,398
16,327,396
16,334,411.5
16,388,450.5
16,409,445
16,412,451.5
16,443.5,460.5
16,442,418
16,443.5,403
16,459.5,497
16,490,403
16,491.5,363
16,498.5,371.5
16,498.5,352
16,498,338
16,447.5,349
16,460.5,357
16,463.5,333.5
16,408.5,417
16,384.5,374.5
16,326,113
17,49,215
17,415,425
17,54.5,265.5
17,12.5,219.5
17,53.5,200.5
17,42,184.5
17,60.5,174
17,69,157.5
17,75,107
17,100,171
17,33,130
17,25,149.5
17,3,142
17,12,173.5
17,208.5,166.5
17,215,155
17,219,201
17,237.5,174
17,234.5,160.5
17,244,159
17,253,151
17,266,146.5
17,274.5,159.5
17,291,153.5
17,305,149.5
17,306,162
17,308.5,175.5
17,300.5,189
17,289,180.5
17,305.5,204.5
17,314,213.5
17,323.5,184.5
17,328.5,193.5
17,348.5,203.5
17,363.5,200
17,369,180.5
17,365,171.5
17,349.5,166
17,348.5,178.5
17,338,165.5
17,321,162.5
17,381.5,158.5
17,328,117
17,243,300
17,256,295.5
17,263.5,306.5
17,176.5,434
17,190.5,438.5
17,180.5,424
17,151.5,411
17,179.5,410
17,221.5,418.5
17,245,442.5
17,241.5,486.5
17,256.5,486.5
17,236.5,460
17,252,457
17,255,471
17,269.5,478.5
17,270.5,463.5
17,327.5,483
17,299,497.5
17,351.5,438
17,349.5,413
17,352,398.5
17,335.5,406.5
17,331.5,391.5
17,371.5,397.5
17,326.5,378.5
17,303.5,375
17,289,390
17,320.5,359.5
17,353.5,360
17,352.5,333
17,354,304
17,371,289
17,378,296
17,447.5,350.5
17,456,357
17,462.5,333.5
17,491,364
17,485.5,410
17,449,408
17,441,414
17,439,453
17,447.5,475.5
17,393.5,459
17,401,442
17,499.5,343
17,382.5,375
17,200,452
17,205,439
17,220,439.5
18,383.5,375.5
18,53,274
18,55,230.5
18,54,208.5
18,13,217.5
18,12.5,174.5
18,29.5,153.5
18,31.5,131
18,2,142
18,59,174.5
18,67.5,157.5
18,75,111
18,98.5,173.5
18,243.5,298.5
18,255,297.5
18,263,306
18,220,201
18,205,167.5
18,210.5,157
18,229,155.5
18,238.5,160.5
18,248,175.5
18,258,161.5
18,250.5,152
18,267,150
18,289.5,158
18,289.5,180.5
18,299,190
18,307,179
18,305,208.5
18,315,193.5
18,324,187.5
18,310.5,159
18,334,162
18,335.5,103.5
18,343,180.5
18,351,170
18,361,163
18,366.5,179
18,377,159.5
18,362,191.5
18,362,209
18,351.5,209
18,370.5,285
18,377.5,296.5
18,349.5,299
18,352.5,331
18,302,374.5
18,313.5,368
18,288.5,390
18,324.5,376
18,340,387.5
18,352.5,399.5
18,350.5,415.5
18,332,406.5
18,370.5,396
18,350.5,438.5
18,397,441
18,397.5,471.5
18,437.5,449.5
18,448.5,405.5
18,442,410
18,439.5,366
18,446.5,351
18,461.5,332
18,491,363.5
18,498,341.5
18,498.5,374
18,482.5,412
18,447,481.5
18,341.5,483
18,308.5,481.5
18,295,496.5
18,255.5,470
18,266.5,477
18,272,463
18,257,489.5
18,247.5,480.5
18,241.5,491.5
18,244,445
18,269,437.5
18,221,415.5
18,222.5,435.5
18,133,401
18,178,437
18,194.5,436.5
18,205.5,440.5
18,198,452.5
18,236.5,458.5
18,251.5,460
18,350.5,359.5
19,383.5,378
19,242.5,300
19,255,296
19,260.5,306
19,51,279
19,57,254
19,55.5,232
19,15.5,213
19,57,177.5
19,69,157
19,99,173.5
19,74.5,108
19,32,133.5
19,35.5,163.5
19,9.5,166
19,17,174
19,3,141.5
19,218.5,202
19,196,159.5
19,206,168.5
19,218.5,157.5
19,230.5,157
19,242.5,159
19,250.5,168
19,263,152
19,278.5,159
19,289,182.5
19,293,168.5
19,300.5,190.5
19,309,163
19,310.5,180
19,318,193
19,304,208.5
19,327.5,187.5
19,340,182
19,362,183.5
19,347,175.5
19,344,165.5
19,356.5,167
19,371.5,161
19,359,220
19,357,206
19,344.5,208
19,324.5,163.5
19,338.5,93
19,367.5,285
19,376.5,293.5
19,311.5,215.5
19,341.5,195
19,350.5,328.5
19,350,297
19,354.5,381
19,304,371
19,314.5,380
19,289.5,390.5
19,354,355.5
19,219,418
19,183,415
19,129,401
19,192.5,437
19,251,440.5
19,271,434.5
19,271.5,463.5
19,254.5,468.5
19,229.5,459.5
19,253,460
19,242,489
19,258,487
19,294,497
19,317,482
19,347.5,482.5
19,351,438.5
19,350,413.5
19,328.5,405
19,354,401.5
19,344.5,398
19,370,395
19,394.5,445.5
19,402,469.5
19,448.5,490
19,431,442
19,443,417.5
19,443.5,400.5
19,480.5,415
19,444,363
19,448,351
19,489,364
19,496,346
19,497,377
19,461,335
19,191.5,452.5
19,204,451
19,206,440
20,384.5,377.5
20,50,284.5
20,58,283
20,59,260.5
20,47.5,265.5
20,55.5,178
20,40.5,170
20,18.5,204
20,17,171
20,18,164
20,1.5,143
20,31,133.5
20,75.5,108
20,68.5,158
20,99.5,173.5
20,212,167.5
20,192.5,163.5
20,201.5,157.5
20,218,203.5
20,233,158.5
20,245,168.5
20,250.5,158.5
20,266.5,163
20,265,151.5
20,276.5,170.5
20,285.5,167.5
20,284,179
20,295,188.5
20,311.5,180
20,313.5,155
20,313.5,167.5
20,317,139.5
20,327,166.5
20,337,89
20,299.5,205.5
20,309,211
20,328.5,186.5
20,344.5,179.5
20,345.5,169.5
20,365.5,165
20,358,181.5
20,351.5,196.5
20,353,219
20,361.5,232
20,364,283.5
20,375.5,292
20,350.5,299
20,349.5,322.5
20,261.5,307.5
20,255.5,297.5
20,244.5,299
20,306,383.5
20,288,390.5
20,296,376
20,307,368.5
20,351.5,359
20,363,380.5
20,370,397
20,351.5,397.5
20,327.5,403.5
20,348,412
20,353,438.5
20,256,438.5
20,274,433
20,217,417
20,179,415.5
20,126,398
20,193.5,436
20,194,452
20,210,447.5
20,205.5,437
20,230,454
20,239.5,483
20,253,468
20,275.5,464
20,254.5,483.5
20,273.5,493.5
20,302,497.5
20,347.5,482
20,317,483.5
20,405,471
20,393.5,446.5
20,429.5,444
20,445.5,488
20,442,413
20,478,420.5
20,491.5,364
20,449,352.5
20,442,365
20,461.5,335
20,482,354.5
21,385.5,378.5
21,189,166
21,195.5,157.5
21,212.5,166
21,231.5,160.5
21,246.5,160.5
21,242.5,171
21,258.5,164.5
21,267,158
21,275,155
21,274,168.5
21,268,173
21,282,167
21,292.5,157.5
21,307,166
21,317,142
21,338.5,80
21,326.5,165
21,324,183.5
21,334,176
21,339,166.5
21,344,173.5
21,360,166.5
21,352.5,191.5
21,340.5,186.5
21,333,196.5
21,301,206
21,312,214
21,295,190.5
21,282.5,179
21,216.5,206
21,99,175.5
21,67,157
21,74,107.5
21,31,133.5
21,43.5,173
21,55,178
21,21,199
21,18,164
21,3,139.5
21,59,252
21,50.5,298.5
21,61,293.5
21,239,304.5
21,252,298
21,258,310
21,190.5,432
21,196,439
21,207,436.5
21,221,445.5
21,199.5,453.5
21,221,462.5
21,213.5,417.5
21,160,414.5
21,169.5,408
21,127,399.5
21,244,484.5
21,258.5,469.5
21,276,466
21,256.5,440
21,273.5,435.5
21,290,387.5
21,283.5,381
21,302,388.5
21,303.5,369
21,327,406.5
21,348,394.5
21,349,412.5
21,352.5,441
21,344.5,482
21,317,483
21,369.5,398
21,367.5,375.5
21,397.5,439
21,405,468.5
21,430.5,444.5
21,441,484
21,472.5,430
21,442.5,411
21,444,391.5
21,437,370.5
21,448,352
21,458,356.5
21,488.5,369
21,496.5,359
21,499,380.5
21,461,334
21,349,321.5
21,351.5,300
21,364,280
21,375.5,290.5
21,367.5,253.5
21,362,235
21,349,214.5
21,286,497
21,51.5,275
21,346.5,365
22,46,325
22,59.5,291.5
22,53.5,275
22,53.5,223.5
22,22,196
22,52,178
22,41.5,167.5
22,67.5,157
22,33,133.5
22,15.5,163
22,74,107.5
22,100,175.5
22,184,165.5
22,196.5,161
22,215.5,165
22,228.5,171
22,238.5,157.5
22,249,163.5
22,241.5,172
22,274.5,169.5
22,276.5,156
22,288.5,158
22,283.5,178.5
22,306,168
22,307.5,183
22,325.5,186
22,322.5,165
22,334,174.5
22,345,167.5
22,350,177.5
22,339,187.5
22,349,193
22,336,197.5
22,313,215.5
22,302.5,208.5
22,298.5,193
22,363,248.5
22,368,262.5
22,362.5,282
22,376,292
22,348.5,291
22,343.5,307
22,362.5,360.5
22,337,370.5
22,299.5,372.5
22,285.5,390
22,261.5,390
22,212,418.5
22,210.5,428
22,206.5,440
22,190,434
22,193,450.5
22,211.5,456.5
22,229,442.5
22,252,438.5
22,268,440
22,246,487
22,260,471.5
22,279,467.5
22,316,482.5
22,345,482.5
22,354.5,440.5
22,326.5,405
22,350,412
22,348.5,393
22,370.5,396.5
22,384.5,374
22,398,437
22,404,467
22,431.5,450
22,443,413
22,449,384
22,437,370.5
22,468.5,435.5
22,440.5,486.5
22,455,356
22,438,349.5
22,460.5,335
22,489,364
22,482.5,375.5
22,242.5,302
22,254,295.5
22,242,321.5
22,148.5,410.5
22,124,398.5
22,163,406
22,215.5,206
22,298,498.5
22,306.5,386.5
22,337,80
23,243,301
23,256,300.5
23,239,326.5
23,50.5,276.5
23,57,289
23,43,354
23,51.5,204.5
23,20.5,198.5
23,11,165.5
23,17,159
23,30,156.5
23,30,132
23,75,109.5
23,68.5,157
23,51.5,177
23,99,178
23,170,167.5
23,192.5,164
23,227,165.5
23,248,167.5
23,242.5,157
23,264.5,171.5
23,270,162
23,283,162.5
23,282,180.5
23,297,193
23,217,203
23,303,207.5
23,307,217.5
23,325.5,189.5
23,312,183
23,304,171
23,313.5,164.5
23,321.5,173.5
23,334.5,165
23,350,171.5
23,338,187.5
23,346.5,201
23,336,202
23,337,83.5
23,117.5,395
23,142.5,406.5
23,191.5,432
23,189.5,449
23,200,447.5
23,205.5,438.5
23,217,417.5
23,230.5,444
23,258.5,437
23,264.5,447.5
23,277.5,463
23,259.5,472
23,246.5,486
23,247,392.5
23,281,390
23,299.5,371.5
23,303,384.5
23,333.5,371
23,328.5,409
23,348,390
23,356.5,389.5
23,349.5,410
23,371.5,396.5
23,381.5,374
23,357.5,357.5
23,342,302.5
23,346,289
23,362.5,283.5
23,371,286
23,380,305.5
23,365.5,259.5
23,427.5,343.5
23,449,357
23,462,361
23,459.5,335
23,441,369.5
23,429.5,372
23,453.5,374.5
23,443.5,408.5
23,477,387.5
23,475.5,375.5
23,484.5,364.5
23,494.5,358
23,497,379.5
23,469.5,433.5
23,437,481.5
23,450.5,483.5
23,436,454.5
23,406.5,464.5
23,398,438
23,356.5,443
23,349.5,483.5
23,316,482
23,310.5,498.5
23,203,425
23,235,481.5
23,354.5,230
24,240,325
24,243.5,301
24,258,303
24,38,378.5
24,86,390
24,58,285.5
24,49.5,275.5
24,20.5,201
24,13.5,165.5
24,21.5,161.5
24,12,143.5
24,30.5,132
24,54,172.5
24,48.5,188
24,67.5,157
24,73.5,110.5
24,99,178
24,167,168
24,188.5,163.5
24,200,166
24,212.5,210
24,223.5,156
24,237.5,163
24,247,155.5
24,254,161.5
24,270,166.5
24,273,174.5
24,286,177
24,301,167.5
24,321,172.5
24,339.5,172
24,328.5,167.5
24,329,182.5
24,338.5,192
24,345.5,185
24,325,195.5
24,334.5,206.5
24,343,203
24,304.5,208.5
24,294,217
24,294.5,198.5
24,360,244
24,367,260
24,363.5,282.5
24,346.5,291
24,341,304.5
24,355,352.5
24,377.5,301
24,384.5,319.5
24,422.5,339.5
24,450,360.5
24,461,335
24,464,364.5
24,484,368
24,490,360.5
24,495.5,380
24,437.5,372.5
24,416.5,377
24,444,403
24,470.5,433.5
24,404,428
24,407,464
24,436,479.5
24,442,465
24,456.5,494.5
24,360.5,445.5
24,331,411.5
24,349,409
24,345.5,389.5
24,359.5,387.5
24,372.5,395.5
24,303,388
24,298.5,372
24,332,373
24,267.5,389.5
24,241,393.5
24,219,418.5
24,211,438.5
24,194.5,429.5
24,183,444
24,180,424
24,228,443
24,263,436.5
24,267.5,453
24,236.5,460.5
24,248,485
24,258,471
24,281,464.5
24,283,476
24,318.5,482.5
24,350,482.5
24,379.5,374.5
24,404.5,391
24,48.5,217
24,475.5,377.5
24,134.5,400.5
24,121.5,392.5
24,322,498.5
24,233,481.5
24,336,85
25,407.5,389.5
25,432.5,376.5
25,447,361
25,418.5,337.5
25,460,335.5
25,480.5,356.5
25,483.5,367
25,493,378.5
25,472,380.5
25,465,442
25,447,472.5
25,444.5,490
25,429,464
25,406.5,461
25,404,423.5
25,363,446.5
25,338.5,421.5
25,349,403
25,348,389
25,360,384
25,372,395.5
25,379,377
25,353,356
25,327.5,374.5
25,299.5,388
25,297,371
25,257,389.5
25,225.5,400.5
25,262,437.5
25,231.5,443
25,216,435
25,214.5,418.5
25,198.5,422.5
25,196.5,433
25,184,444.5
25,182.5,431
25,110.5,391
25,65.5,383.5
25,38,383.5
25,131,399.5
25,245,302.5
25,260.5,299.5
25,237,330.5
25,280.5,468.5
25,267,456.5
25,259,473
25,238.5,461
25,231.5,480
25,249.5,485
25,320,482
25,352,483
25,272.5,491
25,57.5,285
25,50,270
25,298,222.5
25,291,212
25,282.5,220.5
25,203.5,217
25,191,165.5
25,159.5,170.5
25,219,167.5
25,225,154.5
25,237,171
25,244,159.5
25,253.5,168
25,264.5,164.5
25,279.5,162.5
25,260,179
25,270,174.5
25,274.5,183.5
25,281.5,174
25,294.5,172
25,303.5,177
25,306.5,164.5
25,334,87
25,320.5,175.5
25,313,185.5
25,331,188.5
25,341,182
25,336.5,173
25,322,196
25,301.5,209
25,330.5,207.5
25,343.5,216
25,341,302
25,352.5,301.5
25,360.5,281
25,366.5,275.5
25,381.5,310.5
25,388.5,327
25,50.5,214
25,18.5,202.5
25,13,164
25,22,162.5
25,4.5,137.5
25,31.5,131.5
25,34.5,159
25,68.5,157.5
25,72.5,110
25,55,172
25,99,179
25,444,402
25,320,497.5
25,360,253
26,94,388.5
26,117.5,395.5
26,35,396
26,42.5,373.5
26,59.5,280
26,50,271
26,51.5,218.5
26,16,208
26,16,165.5
26,28.5,167.5
26,55.5,174
26,68.5,156.5
26,33,134
26,16,143
26,74.5,108.5
26,100,180.5
26,157.5,171.5
26,196.5,166.5
26,218,156
26,222.5,167
26,235,172
26,257,170
26,246,160
26,282,171
26,272.5,164
26,269,178.5
26,274.5,184.5
26,309,191
26,318,177
26,306,168.5
26,302,147
26,334,86
26,330,189
26,320.5,198
26,340.5,175.5
26,342,184.5
26,332,212.5
26,347,236.5
26,359,279
26,369.5,287.5
26,356,311
26,340,299
26,350,355
26,297,371.5
26,291,388
26,317.5,378
26,253.5,390.5
26,236,335.5
26,244.5,302.5
26,258,299.5
26,180,225
26,298,213.5
26,290.5,207.5
26,274.5,229
26,359,381
26,347.5,385.5
26,348.5,402
26,337.5,424.5
26,370,395
26,379,375
26,403.5,418
26,433.5,375
26,410,390
26,445,358.5
26,443.5,403
26,463,444.5
26,448,487
26,432,458
26,405.5,461.5
26,365,448
26,352.5,482
26,320,482.5
26,281,469.5
26,268.5,460
26,261,438
26,237,444
26,214.5,433
26,212.5,416.5
26,225,406.5
26,197.5,420.5
26,171,416
26,183.5,430
26,197,434
26,184.5,445.5
26,249.5,485.5
26,234,481.5
26,237,463
26,258.5,473
26,272.5,492
26,321,497.5
26,385,334.5
26,383.5,318.5
26,409.5,333.5
26,457.5,335.5
26,481,358
26,484.5,372
26,493,379.5
26,471,378
27,174,229
27,257,300
27,246,299
27,235.5,334
27,248.5,393
27,45.5,344
27,61,281.5
27,50.5,271.5
27,50,213.5
27,18,207
27,30.5,171.5
27,14.5,163.5
27,12.5,139
27,33.5,135
27,51,175
27,69,157.5
27,75,110.5
27,99.5,182.5
27,157.5,170
27,194.5,166.5
27,206.5,170
27,219,159
27,224.5,169
27,240,174
27,249,164.5
27,242,159.5
27,261,169.5
27,257,184
27,269,181.5
27,291.5,171
27,295.5,183.5
27,305.5,163.5
27,334,89.5
27,326.5,188.5
27,317.5,180.5
27,332.5,178.5
27,338.5,186.5
27,333.5,216.5
27,322.5,201
27,295.5,215.5
27,288.5,226.5
27,288,211.5
27,264,241
27,339.5,301
27,359,285.5
27,357,323.5
27,383.5,318.5
27,371,295
27,386,335.5
27,404.5,332
27,348.5,244
27,459.5,334
27,439.5,360.5
27,430.5,377
27,444.5,402
27,483,372
27,492.5,382.5
27,462.5,446.5
27,434,472.5
27,442.5,486.5
27,403.5,460
27,401.5,416.5
27,339.5,423.5
27,245.5,440.5
27,266,436.5
27,282,473.5
27,350,483.5
27,367,449
27,315,482
27,261,473.5
27,251.5,485.5
27,230,482.5
27,238.5,464.5
27,217,439.5
27,225.5,417
27,209,415.5
27,196.5,433
27,188.5,449
27,174.5,423
27,109.5,394
27,85,388.5
27,25.5,407
27,370.5,395.5
27,380,373.5
27,361.5,381.5
27,352.5,372.5
27,344,358
27,346.5,387.5
27,349,402
27,280.5,390
27,298.5,370
27,306.5,381.5
27,478.5,362
27,472.5,382.5
27,273,492
27,294,480
27,309.5,150.5
27,415.5,453.5
27,271,462.5
27,302,194.5
28,179,225
28,154,171
28,195.5,166
28,216.5,159.5
28,234.5,176
28,233,167.5
28,242.5,165
28,237.5,158
28,267.5,168
28,264,178.5
28,275.5,187.5
28,293,183
28,301.5,176
28,304.5,160.5
28,316.5,201
28,323,188.5
28,335.5,180
28,296.5,220
28,286.5,230
28,284.5,218.5
28,259,246
28,333,220.5
28,347,246.5
28,339,299.5
28,359.5,291
28,369,294
28,383,319.5
28,384,335
28,395,321.5
28,340,359
28,347.5,366
28,438,358
28,439.5,371
28,425.5,380
28,479,370.5
28,489.5,380.5
28,394,406
28,370,396
28,381,374
28,348,401.5
28,345.5,386.5
28,244.5,300
28,256,299
28,235.5,338.5
28,244,391.5
28,271,388.5
28,300,382
28,299,368.5
28,261,442.5
28,252.5,438.5
28,226.5,425.5
28,208.5,417.5
28,214.5,442.5
28,190.5,452.5
28,195,432.5
28,164,415.5
28,189.5,415.5
28,98.5,391
28,71,385.5
28,21.5,417.5
28,45.5,323.5
28,61,287.5
28,52.5,265
28,50,214.5
28,18.5,205
28,15.5,163
28,32.5,172.5
28,67.5,157
28,34.5,137.5
28,75,109.5
28,99.5,184
28,345,429
28,373,453
28,404.5,461
28,439.5,484.5
28,445.5,478
28,461.5,445.5
28,444.5,401
28,458,334
28,357,346.5
28,262,473.5
28,252.5,485.5
28,267,490.5
28,284.5,475
28,233,481.5
28,301.5,480
28,322.5,483
28,353.5,483.5
28,316,134
28,333,95
28,402.5,440
28,274.5,465
28,301.5,206
29,185,223
29,174.5,408.5
29,155.5,413.5
29,199,413
29,180.5,418.5
29,184,432.5
29,184,449
29,212.5,446
29,336,360
29,352,353
29,362.5,358.5
29,331,100
29,319,127
29,310,148
29,302.5,159.5
29,272.5,168
29,284.5,181.5
29,274.5,188
29,298,222
29,285,231.5
29,280.5,224
29,254.5,252
29,149,172.5
29,178,169.5
29,193,164.5
29,219.5,160.5
29,233,174.5
29,240.5,169
29,239.5,158.5
29,311.5,201
29,322,195
29,323,185.5
29,308,181.5
29,336.5,185
29,340.5,233.5
29,349.5,251.5
29,339.5,301.5
29,354.5,301.5
29,361.5,288.5
29,381,306
29,369,289
29,388,323.5
29,384,334.5
29,381,373.5
29,380.5,394.5
29,368,396
29,425,379.5
29,437.5,356
29,449.5,368
29,444.5,401
29,485.5,381
29,473.5,369.5
29,458.5,334
29,464,443
29,263,436
29,250,444.5
29,349,433.5
29,387,462
29,407.5,461
29,437.5,476
29,450.5,497.5
29,403.5,425.5
29,245,390.5
29,301,368
29,302,381
29,235,339
29,245,297
29,257,299.5
29,62.5,292.5
29,51.5,281
29,52,253.5
29,345,401.5
29,343.5,385
29,49.5,213
29,18.5,207
29,34,176.5
29,68,157.5
29,35.5,136.5
29,8,142
29,15,164
29,76,109.5
29,100.5,184.5
29,59.5,385
29,84,390
29,19.5,421.5
29,234.5,484.5
29,264,473.5
29,284.5,478
29,270,492
29,355.5,483
29,327,482.5
29,302,482
29,258,390
29,276,465
29,298.5,207.5
30,189,222
30,363.5,361.5
30,354.5,348.5
30,360.5,288.5
30,467,365
30,475.5,372
30,485,380.5
30,463.5,444
30,445,401
30,422,380
30,436,356.5
30,458,334
30,390.5,324
30,381.5,328
30,379,303
30,354,262
30,343,239
30,294,223.5
30,265,240.5
30,245,258.5
30,287.5,232.5
30,314,207
30,308.5,190
30,320,192
30,332,187
30,312.5,178.5
30,303.5,160
30,317,131.5
30,328,102.5
30,277.5,190.5
30,273,182
30,289,175
30,240.5,173
30,241,159
30,215,162
30,171,166.5
30,148,172.5
30,99.5,184.5
30,337,358
30,357,376.5
30,371.5,395
30,430,463.5
30,447.5,495
30,399.5,468.5
30,355.5,440.5
30,355.5,484
30,305,481.5
30,333,484.5
30,266.5,434.5
30,389.5,402
30,51.5,251
30,54.5,271
30,62,293.5
30,15,431.5
30,74,388
30,141,407.5
30,160.5,403.5
30,198.5,412.5
30,190.5,433
30,184,443
30,208.5,448
30,230,436
30,245.5,445
30,246,392
30,234,482.5
30,261,472
30,285,476.5
30,273.5,493.5
30,290.5,489.5
30,297,498
30,304.5,369.5
30,302,380
30,341,385.5
30,345,402.5
30,236,340.5
30,246,299
30,257,300
30,18,207.5
30,15.5,162
30,36,179
30,68.5,157.5
30,36,139
30,16.5,148
30,75,109
30,354,306.5
30,339.5,300
30,380.5,374
30,248,167
30,50.5,215
30,236.5,394.5
30,275.5,468
30,296,209
31,191,220.5
31,267,434.5
31,51,252.5
31,241.5,168
31,241.5,159
31,239,174.5
31,163,168
31,145.5,172
31,100.5,184
31,67.5,157.5
31,76,108.5
31,36,139.5
31,22,150.5
31,16,162
31,18,208
31,37,177
31,55.5,272
31,63.5,297.5
31,44,370.5
31,58,386.5
31,134.5,405.5
31,149,403.5
31,179.5,435.5
31,191,439.5
31,195,415
31,210.5,448
31,230,434
31,241,393
31,246,444
31,259.5,471.5
31,234,483
31,277.5,481
31,287.5,472.5
31,323.5,484
31,345,485
31,358,484.5
31,372,453
31,404,467
31,409.5,455
31,417.5,443
31,440.5,481
31,463.5,445.5
31,445,399.5
31,421,382
31,491.5,393.5
31,484,380.5
31,468.5,373
31,457.5,366
31,477,367.5
31,434,356
31,458,334.5
31,389,325.5
31,379,315.5
31,373,293.5
31,359.5,291
31,355,312.5
31,357,271.5
31,344.5,243.5
31,350.5,367.5
31,363.5,364.5
31,355,348.5
31,337,357
31,346,408.5
31,369,395.5
31,380.5,375.5
31,304,381
31,306,370.5
31,234.5,341
31,245.5,298.5
31,258,300.5
31,261,243.5
31,240.5,261
31,285.5,233.5
31,294.5,225
31,274,189.5
31,292,179.5
31,301,166
31,218.5,159
31,210.5,166.5
31,311,208.5
31,310,195.5
31,326.5,189.5
31,311.5,181.5
31,323.5,203.5
31,315.5,131.5
31,329,102.5
31,12.5,434.5
31,303.5,498
31,49,208.5
31,229.5,398
31,341.5,389
31,278,467
31,341.5,302.5
31,198,172
31,184,167
31,295.5,210
32,270,432.5
32,52.5,235
32,309,371
32,193,169.5
32,48,206.5
32,189.5,442.5
32,170,418.5
32,183.5,412.5
32,197,427
32,240.5,393.5
32,229.5,432
32,209.5,448
32,245,444.5
32,259,468
32,283.5,470
32,235,481.5
32,258,488
32,331.5,483.5
32,358,485
32,347,425
32,139.5,399.5
32,122,398.5
32,54.5,384.5
32,13.5,438
32,51,285
32,64,300.5
32,42,358
32,16,208.5
32,14,164
32,36,177.5
32,28,154
32,33.5,138
32,67.5,156.5
32,74.5,109
32,100,185
32,142.5,175
32,222.5,161
32,218.5,173.5
32,240.5,176
32,243.5,162.5
32,273.5,191
32,299.5,168
32,193,219
32,240.5,263
32,261.5,244.5
32,290,221.5
32,258.5,300.5
32,246,298.5
32,231,339.5
32,335,360.5
32,351,370
32,363.5,364
32,380.5,373.5
32,369,394
32,357,322
32,356,303.5
32,340.5,303
32,355.5,281.5
32,362,277
32,370.5,296
32,375,309
32,388,326.5
32,430,351.5
32,419,383
32,440.5,369.5
32,445,398
32,469,370.5
32,483.5,381.5
32,484,366
32,458.5,333.5
32,489.5,398.5
32,460,449.5
32,406.5,468
32,433,475
32,437.5,463.5
32,407,434
32,384,459
32,298,184.5
32,311,209
32,319,205
32,312,199
32,306,189
32,319.5,187.5
32,343.5,244.5
32,155.5,170
32,223,410.5
32,272.5,491
32,301.5,382
32,322.5,117
32,332,98
32,341.5,391
32,354.5,351
32,497.5,184.5
32,170,166
32,292,211
32,298,225
33,269,433.5
33,256,249.5
33,240,266
33,246,299
33,257,300.5
33,231.5,339.5
33,180,171
33,152,172
33,144.5,176
33,52,385
33,111,393.5
33,131,399.5
33,154.5,405.5
33,179,415.5
33,192,442.5
33,191,452.5
33,211,447.5
33,218,416
33,228,434.5
33,50.5,289.5
33,43,359.5
33,67.5,311.5
33,51.5,220
33,47.5,203
33,17,206
33,15,161
33,33,177.5
33,38,163
33,34,138.5
33,66.5,156.5
33,74.5,110
33,100,184
33,199,216.5
33,213.5,173
33,221,161.5
33,222.5,171.5
33,230.5,169
33,248,163.5
33,244,179
33,258,177.5
33,273.5,191
33,270,169
33,289.5,169.5
33,304.5,165.5
33,329,98
33,321,121
33,309,192.5
33,298,183
33,322,187.5
33,287.5,223
33,310.5,208.5
33,323,216.5
33,341.5,241
33,345.5,252.5
33,355.5,285
33,341,302.5
33,355.5,305.5
33,356.5,323.5
33,374,305.5
33,387.5,327
33,423,345
33,352,354
33,362,363.5
33,382,371
33,335,361.5
33,348,376
33,369.5,392
33,423,383
33,434.5,372
33,444.5,399.5
33,460,365.5
33,465,376.5
33,480,366
33,480.5,382
33,484.5,405.5
33,457,334.5
33,458,450.5
33,442.5,475.5
33,425.5,455.5
33,409,464.5
33,395.5,466.5
33,402,427
33,352.5,438.5
33,361,487.5
33,351.5,480.5
33,335,483.5
33,290,475
33,253.5,466.5
33,234,482.5
33,248,443.5
33,237,394
33,278,490.5
33,258,488.5
33,270.5,474
33,199,424.5
33,11,445
33,310.5,373.5
33,299,384
33,294.5,198.5
33,290.5,210
33,370,294.5
33,336,393
33,280.5,467.5
33,493.5,179
33,295,219.5
34,270,433.5
34,321,124
34,326.5,100.5
34,234.5,395.5
34,217,419
34,201.5,426
34,174.5,413
34,147,402.5
34,121.5,396.5
34,100,392.5
34,49.5,385.5
34,12.5,446
34,43.5,359
34,52,285
34,69.5,318.5
34,18,205.5
34,51.5,220
34,46.5,202
34,14.5,162.5
34,29,167
34,32.5,138
34,45,171
34,68.5,156
34,73,109
34,100.5,185.5
34,143.5,178
34,152.5,170.5
34,168,171
34,187.5,170.5
34,206.5,170.5
34,219.5,165
34,246,176.5
34,246,166.5
34,273.5,172.5
34,267.5,183
34,276,192.5
34,289,228.5
34,293.5,216
34,294.5,203.5
34,245.5,261.5
34,316.5,217
34,328,229.5
34,343,244.5
34,302.5,194.5
34,303,168.5
34,305,180
34,317,195.5
34,323.5,190.5
34,326,204.5
34,247,297.5
34,258,301
34,226.5,339
34,192,219
34,342,305
34,356.5,286.5
34,357.5,302.5
34,357,325
34,374.5,307
34,387,326.5
34,411.5,334.5
34,457,334.5
34,380,374.5
34,363.5,368.5
34,347,381
34,329,364.5
34,346,354.5
34,290,389
34,250.5,443
34,285,472
34,354,481
34,335.5,484
34,370,491
34,363.5,446.5
34,406,476
34,408.5,465
34,441,479.5
34,418,442.5
34,399,424
34,454.5,459.5
34,480.5,413
34,444.5,398
34,427,381.5
34,426,373.5
34,451.5,363
34,463,373.5
34,475,366.5
34,479.5,382.5
34,235.5,483
34,269.5,475.5
34,284.5,492.5
34,250.5,464
34,213.5,448.5
34,192.5,445.5
34,187.5,453.5
34,370.5,393
34,367,292.5
34,337.5,393.5
34,307,373.5
34,488.5,170
34,257,485.5
35,17.5,207
35,10,164
35,27.5,163.5
35,29.5,137.5
35,45,172.5
35,45.5,199
35,51,218.5
35,67.5,157.5
35,73.5,110.5
35,100.5,185
35,141,179.5
35,154,169
35,190.5,169.5
35,210.5,172.5
35,221.5,165
35,238.5,176.5
35,245.5,166.5
35,185.5,222
35,265.5,175.5
35,275.5,193
35,290.5,188
35,303,173.5
35,294,203.5
35,290,212
35,287.5,224.5
35,246,260.5
35,321.5,225
35,321.5,206
35,314.5,197
35,343,245.5
35,337.5,242.5
35,248.5,296
35,258,299.5
35,218.5,340.5
35,319.5,128.5
35,325,103.5
35,341,306.5
35,357.5,296
35,372.5,307
35,356.5,326
35,386,326
35,402,326
35,459,332.5
35,432.5,351.5
35,437.5,368.5
35,423,377
35,445,395
35,462.5,373
35,473,365
35,481,385
35,468,434
35,440.5,482
35,450,464.5
35,409,477.5
35,410,461
35,372,452
35,398.5,423
35,411,432
35,368.5,392.5
35,382.5,374
35,366,371
35,346,392.5
35,335,395.5
35,329.5,364.5
35,344.5,355
35,303.5,372
35,283,387.5
35,232,396
35,250.5,441
35,271,433.5
35,251,466
35,289.5,476.5
35,269.5,476.5
35,235.5,483.5
35,299.5,497
35,355,482
35,345.5,485
35,372.5,489
35,213,447.5
35,212.5,431.5
35,218.5,419
35,177.5,419
35,159.5,407.5
35,119,396
35,94,392
35,49,386
35,44,354.5
35,68,322
35,51.5,287
35,13.5,445.5
35,190,448.5
35,244.5,459
35,369,292.5
35,283,467
35,484.5,168
35,257,487
36,347.5,482
36,356,486.5
36,373.5,487
36,379.5,456
36,282.5,468.5
36,271.5,476
36,238,483
36,257,489
36,252,469
36,253.5,458
36,248,441.5
36,268,436.5
36,270.5,388.5
36,229.5,398.5
36,211,449
36,220.5,433
36,212,417.5
36,189,448
36,177.5,417.5
36,153.5,412
36,121.5,396.5
36,86.5,390
36,47.5,383.5
36,12.5,444
36,44,349
36,67,316
36,50.5,286.5
36,50.5,216
36,15,208.5
36,46.5,170
36,27.5,161
36,11.5,160
36,29,137
36,67.5,156
36,74.5,111.5
36,100,186
36,140,181
36,151.5,170.5
36,183.5,170.5
36,220.5,167
36,235,175
36,247,167
36,266.5,176
36,276,191.5
36,319,208
36,315,197.5
36,303,199.5
36,301.5,184
36,299.5,172
36,289,223.5
36,292,211
36,247.5,259
36,346,255.5
36,338.5,246
36,319.5,236
36,257,301
36,249.5,294
36,210,342.5
36,327.5,363.5
36,345,358.5
36,346.5,402.5
36,335.5,396
36,369.5,392
36,367.5,373
36,382.5,372
36,387.5,327.5
36,407.5,328.5
36,424.5,344.5
36,422,378
36,438.5,367
36,445.5,399
36,454.5,358.5
36,462,373.5
36,482.5,386
36,464.5,442.5
36,457.5,334
36,396,423.5
36,407,420
36,408.5,457.5
36,413.5,480.5
36,441,488
36,442,467.5
36,181,225
36,318.5,126
36,327,96.5
36,344,308.5
36,350.5,301
36,373,305
36,357.5,325.5
36,302.5,373.5
36,306,496
36,46,194
36,209,173.5
36,323,228.5
36,365.5,293
36,290.5,478
36,479.5,162
37,14.5,444
37,45,385.5
37,80.5,391
37,136,405.5
37,168,410.5
37,188.5,449.5
37,210.5,444.5
37,224.5,433
37,223.5,407.5
37,243.5,444.5
37,268.5,436
37,329.5,361.5
37,336,396
37,347.5,405.5
37,369,393.5
37,363,377
37,382,372
37,397.5,424.5
37,406.5,417.5
37,424.5,377
37,438.5,366
37,444.5,397
37,459.5,370
37,481.5,386
37,462.5,447
37,431.5,463
37,415,481
37,439,497.5
37,380,459.5
37,410,448.5
37,372,487.5
37,356,488
37,336,483.5
37,284.5,469.5
37,278,481
37,262,490
37,249.5,469
37,257.5,464
37,238.5,482.5
37,114,393.5
37,46.5,341.5
37,66.5,309
37,49.5,284.5
37,17,207.5
37,51,214
37,43,191
37,10,160
37,27,160.5
37,46.5,167.5
37,68,157
37,28.5,136.5
37,73,111
37,101,184.5
37,141,182.5
37,144.5,172
37,179,170
37,218.5,166
37,235.5,176
37,244,168.5
37,261.5,175
37,278,194.5
37,289,189.5
37,285.5,176
37,300.5,177.5
37,308,188
37,308.5,201.5
37,318.5,205.5
37,289.5,219.5
37,247.5,254
37,244,266
37,315,241
37,324,230.5
37,332.5,243
37,346.5,260.5
37,358,290.5
37,371,301.5
37,349,314
37,340,306
37,359,320.5
37,386.5,328
37,401,326
37,410.5,333.5
37,438,351.5
37,458.5,333
37,304.5,376.5
37,252.5,393
37,207,342
37,248.5,296
37,256.5,299.5
37,178,226.5
37,289.5,477
37,476,159.5
37,208.5,173
37,342.5,366.5
37,351.5,362.5
37,327,99
37,319,123
38,248,256.5
38,243.5,266.5
38,40,388.5
38,71.5,388
38,98.5,390.5
38,114.5,397
38,162,405.5
38,16,441
38,63.5,300
38,49,288
38,46.5,340
38,18.5,208
38,50.5,208.5
38,26.5,160.5
38,24,137
38,101,184
38,68,156.5
38,72,110.5
38,140.5,184.5
38,141.5,171.5
38,167,171
38,215,166.5
38,237,176.5
38,245,168
38,256.5,175
38,279.5,179
38,288,221.5
38,312.5,201
38,181,224.5
38,203,342
38,247.5,295.5
38,256.5,301
38,314.5,243
38,345.5,262
38,325.5,236
38,319,223
38,281,199.5
38,292.5,186
38,316.5,126
38,324.5,109
38,340.5,305.5
38,350,322
38,360,319
38,353,301.5
38,369,298.5
38,385,328
38,398,322
38,430,345.5
38,447.5,358.5
38,457.5,369
38,481.5,385
38,445,396
38,425,375
38,458,331.5
38,395.5,422
38,404.5,415
38,410,439.5
38,428,462
38,459.5,449.5
38,349,408
38,334,395
38,329.5,362
38,301,381.5
38,310.5,372.5
38,347.5,362.5
38,269.5,436
38,244.5,444.5
38,227,430.5
38,220,414
38,246,392.5
38,193,413
38,204.5,436
38,186.5,449.5
38,236.5,483
38,260,491.5
38,290,492
38,274,474.5
38,279,465
38,332,482
38,356.5,488.5
38,371.5,486.5
38,399,467.5
38,419,482.5
38,439,496.5
38,447,493
38,379.5,373.5
38,368,379
38,367,392.5
38,46,167
38,299,178.5
38,299.5,206.5
38,302.5,216
38,354.5,280
38,291,475.5
38,470,154
38,186,171
38,208,175
38,322.5,207.5
39,249,253
39,245,265
39,446,489
39,264.5,441.5
39,273.5,432.5
39,245.5,445
39,367,393.5
39,18.5,207.5
39,49.5,209
39,46,166.5
39,27,160
39,22,137
39,67,156
39,72.5,111
39,100.5,183
39,34.5,392
39,65,387
39,84.5,387.5
39,99,393.5
39,47.5,336
39,49,287.5
39,14,440
39,187,447
39,199,435
39,212,435
39,228,426.5
39,215,416
39,237.5,396
39,193,415.5
39,236.5,484
39,258,493
39,278.5,476
39,273,463
39,289,492.5
39,333,481
39,352,486
39,371,488
39,404,468.5
39,421,485
39,425,460.5
39,408,436.5
39,394.5,420.5
39,408,414
39,444,395.5
39,461.5,449
39,481,386.5
39,451.5,368
39,462.5,364
39,427.5,373
39,416,334.5
39,457,332
39,386.5,327
39,396,321.5
39,387.5,313
39,369.5,296
39,353,303
39,343,310.5
39,351.5,327.5
39,361.5,316.5
39,330,363.5
39,383,373
39,365.5,380
39,347.5,413.5
39,291.5,385.5
39,306,371
39,181.5,345
39,256,300
39,246.5,296
39,275,223
39,311,244.5
39,321,231.5
39,332.5,248
39,340,257
39,346.5,266.5
39,289,215
39,297.5,209
39,311.5,204.5
39,283.5,200
39,295.5,183.5
39,274,179
39,255.5,175.5
39,245,167
39,234.5,176.5
39,218,167
39,210,175
39,181,172
39,148,179.5
39,133.5,179.5
39,202,170.5
39,56,287.5
39,351.5,274.5
39,183.5,224.5
39,160.5,406
39,325,108.5
39,320,125.5
39,466.5,153
39,323.5,212
39,342.5,372
39,289,474.5
40,247,256
40,245.5,267.5
40,442.5,484.5
40,266.5,441.5
40,274,430
40,244,445
40,348,416.5
40,52.5,268
40,48.5,299.5
40,229,397.5
40,227,422.5
40,211.5,420.5
40,208.5,435.5
40,199,440
40,188.5,448.5
40,159,404
40,193,415
40,178,346.5
40,81,390
40,26,395
40,14,441
40,338.5,354
40,327.5,366
40,297,385.5
40,305.5,371
40,376.5,375
40,365,392
40,394.5,416.5
40,408.5,413
40,404,429
40,420.5,455
40,407,468.5
40,421.5,487
40,462,447
40,444.5,398
40,428,370.5
40,451,367
40,465,366
40,480,389
40,406,328.5
40,438.5,357.5
40,385,324.5
40,378.5,298
40,368,294.5
40,356,293
40,350.5,299.5
40,358,309
40,275.5,472.5
40,270,464
40,250,468
40,239.5,484.5
40,281.5,489
40,329,480.5
40,370,488.5
40,48,337
40,49.5,209
40,17,208
40,28.5,159
40,22.5,136.5
40,46,164.5
40,67,156.5
40,73,111.5
40,99.5,182.5
40,122.5,178.5
40,137,177.5
40,154,171.5
40,184,170.5
40,219,165
40,232,176.5
40,241.5,165.5
40,251,173.5
40,270,178.5
40,289,196.5
40,283.5,225.5
40,295.5,211
40,313,210.5
40,297.5,184.5
40,319,230
40,343,267.5
40,310.5,244.5
40,456.5,332
40,255,298.5
40,248,295
40,186.5,222
40,348.5,317.5
40,352.5,330.5
40,467,151.5
40,204.5,171
40,213.5,175
40,324,214.5
40,340,378.5
40,259,493
40,290,474
40,363.5,383
40,315,133
40,322,118
41,245.5,257
41,247,265.5
41,439.5,480.5
41,246.5,295.5
41,255.5,300.5
41,169,350
41,47.5,333
41,53.5,264
41,51,210
41,17,208
41,26,159
41,23,136
41,67,156
41,73.5,111
41,98.5,179.5
41,113.5,184
41,142.5,177.5
41,156.5,171.5
41,181.5,169.5
41,223,175
41,249.5,173.5
41,242,164.5
41,265,179.5
41,289.5,193
41,312.5,140
41,320.5,119.5
41,290.5,224
41,267,238.5
41,298,207.5
41,300.5,195.5
41,315,215.5
41,316.5,205
41,328.5,241.5
41,311,245.5
41,343,271
41,356,293
41,363.5,288.5
41,376.5,294.5
41,370.5,302.5
41,385,326.5
41,395.5,320
41,354.5,339.5
41,359,322.5
41,356,310.5
41,344.5,301.5
41,325,369.5
41,294,386.5
41,299.5,369
41,347,420
41,355.5,380
41,367,390
41,382,371
41,386.5,401
41,402.5,425.5
41,408.5,411.5
41,445,395.5
41,429.5,368
41,448.5,365
41,465.5,367
41,480,389.5
41,459.5,447
41,456.5,333
41,426.5,488
41,406,469
41,414.5,448
41,334,482.5
41,362.5,487
41,290.5,475
41,275.5,473.5
41,271,484
41,259.5,491.5
41,239,484.5
41,249.5,467.5
41,265.5,460
41,267,439.5
41,277,427.5
41,239.5,446
41,222,419
41,229.5,399
41,211,423.5
41,201.5,435
41,185.5,448
41,182.5,411.5
41,156,404
41,70,387
41,19.5,398
41,44.5,385
41,12.5,445
41,186.5,222
41,463.5,149
41,218.5,165
41,325.5,214
41,338.5,353
41,335,389.5
42,260,243.5
42,248.5,262.5
42,243,266.5
42,435.5,472.5
42,444.5,492
42,455.5,456.5
42,428,489.5
42,411.5,474.5
42,414.5,407.5
42,402,421
42,408,443
42,347.5,425
42,335.5,396.5
42,278,425.5
42,267.5,438
42,240.5,445
42,75,389
42,183.5,446.5
42,208.5,435.5
42,191,423
42,222.5,422.5
42,292,386.5
42,320.5,372
42,351,378
42,358,356.5
42,365,390
42,379.5,393
42,380.5,371
42,444.5,396
42,429.5,363
42,477,388.5
42,449.5,367
42,465,370
42,457,332
42,382.5,326
42,390.5,313
42,359.5,320
42,346,317.5
42,350,304.5
42,359.5,297.5
42,360,286.5
42,375.5,295
42,344.5,269.5
42,329,241
42,311,245.5
42,290.5,223.5
42,290.5,189.5
42,300.5,196
42,295,203.5
42,315,212.5
42,302,214
42,305,166
42,312.5,146
42,324,117.5
42,267,179
42,249.5,175
42,242,165
42,230.5,176.5
42,218,166
42,182,170.5
42,158,172.5
42,139,177.5
42,110.5,187.5
42,100,179.5
42,48.5,209
42,52.5,255.5
42,16,209.5
42,48,165
42,25.5,162
42,24,136.5
42,68,156.5
42,74.5,112
42,51,324.5
42,45,348.5
42,12,399
42,52.5,381.5
42,13.5,443.5
42,33.5,390.5
42,153.5,403
42,173.5,409
42,224,405
42,173,347.5
42,245,296.5
42,253,299
42,273.5,473
42,286,475.5
42,297,477.5
42,322.5,484.5
42,353.5,485.5
42,319,496.5
42,258.5,488.5
42,238,484
42,251,467.5
42,189,220.5
42,300.5,369.5
42,460,143
42,317,226.5
42,325,215.5
42,338,354.5
43,255,250.5
43,248,263.5
43,238.5,275
43,432.5,468
43,451.5,463.5
43,443.5,487
43,429.5,489
43,414,475.5
43,85,391
43,289,387
43,53,254.5
43,48.5,317
43,50,205.5
43,17,206.5
43,48,166.5
43,23.5,158.5
43,4,161
43,24,137
43,73,113.5
43,67,157
43,102.5,177.5
43,99.5,193
43,130,176
43,150,174.5
43,168,171.5
43,180.5,170.5
43,198.5,172
43,218.5,165
43,226.5,177
43,249.5,174
43,266.5,179
43,300,199.5
43,296,206
43,292,217
43,311.5,213.5
43,292,191
43,308.5,154
43,323,121.5
43,327,214.5
43,319.5,226
43,329.5,242
43,343.5,266
43,355.5,278.5
43,363.5,303
43,353.5,290
43,369,308.5
43,376.5,296
43,384.5,310.5
43,382,326.5
43,359.5,318.5
43,350,319
43,353,308.5
43,431.5,361.5
43,450,365
43,458,330.5
43,475.5,386.5
43,465,370.5
43,442.5,397.5
43,419,409
43,400.5,418.5
43,405.5,435.5
43,376,392
43,361.5,389.5
43,380.5,371
43,359.5,360
43,343,377
43,335.5,396.5
43,347.5,429
43,313.5,375
43,283,422
43,271,435.5
43,245.5,442.5
43,269.5,467.5
43,284,473
43,313.5,481
43,342,483.5
43,320,495
43,294.5,495
43,257.5,490.5
43,237.5,486
43,250,469
43,184,446.5
43,207,434
43,227,423.5
43,219.5,413
43,182.5,420.5
43,168.5,410
43,154.5,402
43,43.5,379
43,9,399
43,15,444
43,34.5,392
43,54,385.5
43,175.5,348.5
43,256,300
43,247,294.5
43,281.5,362.5
43,303.5,161.5
43,189,220
43,462.5,147.5
43,306,219.5
43,339,354.5
44,247,268.5
44,241.5,265.5
44,231.5,286
44,93,391.5
44,178,349.5
44,257,301.5
44,248,295.5
44,152,404
44,177.5,419.5
44,203.5,433.5
44,182.5,447
44,211.5,417
44,227,426.5
44,251,440
44,229.5,448.5
44,236,484
44,247,468.5
44,258.5,490
44,268,469
44,279.5,472
44,297,481
44,273,432
44,288.5,417.5
44,338,396.5
44,340,375.5
44,350,432
44,362.5,389
44,375.5,389.5
44,382.5,369
44,362.5,366.5
44,336,352.5
44,383.5,328
44,421,403.5
44,400,414.5
44,405.5,429.5
44,429,462.5
44,416,478.5
44,429.5,489.5
44,440.5,480.5
44,449,466
44,475.5,390
44,467,372.5
44,450,367
44,429.5,360.5
44,442,396
44,456,331.5
44,375,295.5
44,368,299
44,370.5,311
44,358.5,299.5
44,346,307.5
44,351,326.5
44,358.5,319.5
44,350,269
44,341,263
44,329.5,242
44,313.5,248
44,317,225.5
44,305,217.5
44,313,213
44,288,224
44,299,206
44,288.5,192
44,308,152
44,312.5,138.5
44,321.5,127.5
44,270,180
44,249,172
44,222,176.5
44,219,168
44,196.5,171.5
44,182,171.5
44,147.5,174
44,120.5,179
44,133.5,172
44,102.5,177
44,100.5,191.5
44,190.5,219.5
44,54.5,248.5
44,48.5,307.5
44,49,204.5
44,15.5,208.5
44,68,157.5
44,72.5,112
44,42.5,159.5
44,22,159
44,6.5,160
44,23,137
44,33,391.5
44,58.5,383.5
44,6,400.5
44,13,445
44,331.5,481
44,278,389.5
44,307.5,375.5
44,271,360.5
44,294,496.5
44,467.5,154.5
44,327,214.5
45,109.5,395
45,20.5,397.5
45,43,392
45,49,376
45,15.5,442
45,54.5,236
45,47.5,195
45,16.5,208
45,19,159
45,28.5,148.5
45,21,133.5
45,67.5,156
45,83,196.5
45,74,111.5
45,102,178.5
45,114,181
45,128.5,171
45,146,175.5
45,179.5,171
45,201,171
45,218.5,166.5
45,222.5,178.5
45,239.5,166
45,251.5,178
45,275,182
45,311,151.5
45,323,130
45,313.5,141.5
45,298,207.5
45,290,195
45,313,217.5
45,328.5,214.5
45,288,224
45,245,270.5
45,219,304
45,246.5,295.5
45,253,299.5
45,180,348
45,274,361
45,278.5,388
45,310.5,378
45,201,432
45,225,420
45,177,421.5
45,155.5,404.5
45,220.5,448
45,179,447.5
45,189,447
45,252,441
45,277.5,430
45,292,417.5
45,267.5,463
45,277.5,464.5
45,291,478.5
45,242.5,472
45,236.5,485
45,259.5,490.5
45,282.5,493.5
45,331,481.5
45,314,496.5
45,187.5,222
45,349.5,436.5
45,341.5,400.5
45,335,387.5
45,334,353.5
45,358.5,369.5
45,382.5,368.5
45,361,387
45,373,388
45,399.5,412.5
45,403.5,429.5
45,420,406
45,443,394.5
45,422,455
45,437.5,477
45,430,493
45,418.5,482
45,449.5,465.5
45,473.5,387.5
45,469,375.5
45,449.5,368
45,431,362.5
45,456,332
45,383.5,327
45,358.5,320.5
45,351.5,334.5
45,346,313
45,373,301
45,368,292.5
45,346.5,275
45,347.5,261
45,330,241
45,311.5,246.5
45,198,416.5
45,50,294.5
45,470,161
46,131.5,401.5
46,260,356
46,333,354.5
46,355.5,347
46,356.5,368.5
46,381.5,370
46,359.5,387.5
46,371.5,388.5
46,351.5,436
46,307.5,379
46,272,389.5
46,279.5,426
46,296,414
46,256.5,439
46,220.5,418.5
46,194.5,414.5
46,177.5,420
46,158,404
46,180.5,446.5
46,189,447
46,239,470.5
46,263,460.5
46,279.5,464
46,277,474.5
46,238,485
46,261,492.5
46,278,491
46,323.5,482.5
46,305.5,497.5
46,427,465.5
46,416,447.5
46,448.5,466.5
46,433,489.5
46,422.5,484.5
46,473.5,388.5
46,447.5,366
46,432.5,356
46,442.5,394.5
46,421,402.5
46,394.5,409.5
46,401.5,428.5
46,382,327.5
46,358,318
46,346.5,313.5
46,370,310.5
46,378,301.5
46,363,288.5
46,348.5,279
46,345,263
46,253.5,298
46,246.5,292.5
46,216,308.5
46,246,270
46,288.5,225
46,308,220.5
46,317,217.5
46,328.5,211
46,312.5,205
46,296.5,208.5
46,290.5,198
46,305,176.5
46,311.5,150.5
46,317,133.5
46,315,144.5
46,278.5,182
46,257.5,175.5
46,239.5,169
46,220,168
46,224,178
46,207,172
46,195,171
46,181.5,171
46,145.5,174
46,161,171.5
46,110.5,189
46,102.5,178.5
46,129.5,170
46,79,196
46,67,158
46,72,112.5
46,25,139
46,7,137
46,7,161.5
46,23,155
46,17,207.5
46,43.5,187.5
46,48,213
46,44,367
46,49.5,388
46,16.5,442
46,2.5,401.5
46,181.5,347.5
46,189.5,220
46,339,401
46,332,384
46,212.5,445
46,209.5,430
46,457.5,332.5
46,51.5,288.5
46,478.5,167.5
47,142.5,406.5
47,187,222
47,178.5,169.5
47,161,170.5
47,144,174.5
47,119,180
47,111.5,187
47,102.5,179.5
47,59,179.5
47,68,157
47,74,113.5
47,49.5,206
47,15,209
47,40,178
47,21.5,158
47,33.5,147.5
47,25.5,138
47,4.5,162.5
47,204.5,172
47,223,169
47,240,168
47,217.5,180.5
47,257.5,177.5
47,282,186.5
47,308,170.5
47,305,159
47,313,150
47,317,133
47,308.5,200.5
47,297,212
47,286.5,201
47,291,224.5
47,307.5,222
47,317.5,222
47,243.5,272.5
47,228.5,290.5
47,207.5,314.5
47,256,297.5
47,247,296.5
47,250.5,350
47,305.5,379
47,266,389
47,312.5,247.5
47,326,237.5
47,344,260.5
47,344,273.5
47,361.5,288.5
47,353.5,294.5
47,354.5,310
47,359,319.5
47,367.5,308
47,380.5,304.5
47,382,325.5
47,348,318
47,353,356.5
47,357,369.5
47,381,370
47,357.5,386.5
47,370.5,388
47,396,409.5
47,420,405
47,441,398.5
47,449.5,368.5
47,436,356.5
47,471,389
47,467,373.5
47,498,392.5
47,417,456
47,424,450.5
47,449,468
47,434.5,480.5
47,428.5,489.5
47,353,440
47,402,426
47,343,409
47,332.5,387
47,298.5,413.5
47,280.5,424
47,257,440
47,281,464
47,259.5,455
47,278,471.5
47,235,469
47,232.5,485.5
47,256.5,492
47,267.5,482.5
47,288,491.5
47,318,481
47,188.5,446.5
47,177.5,449.5
47,179.5,422.5
47,184,410
47,213.5,431
47,204,441
47,219.5,418
47,159.5,408
47,114.5,394.5
47,16,442.5
47,43,359.5
47,2,403.5
47,184.5,347.5
47,456,332
47,456,332
47,50.5,288
47,485.5,176.5
47,331.5,353
48,149.5,409
48,161,406
48,3,160
48,15.5,155.5
48,25.5,139
48,15.5,207.5
48,48.5,200.5
48,39.5,175.5
48,59.5,179.5
48,66.5,157
48,74.5,110
48,100.5,180
48,109.5,188.5
48,121,179.5
48,123,170.5
48,142,175.5
48,162.5,170.5
48,178.5,171
48,205.5,171.5
48,215.5,179.5
48,224,172.5
48,240,167.5
48,256.5,177.5
48,271,176.5
48,283,189
48,297.5,209.5
48,286.5,204.5
48,293,228
48,308,217.5
48,304,172
48,315,154.5
48,318,137.5
48,304,161.5
48,324,235
48,311,249
48,342,269
48,339,258
48,358,282
48,359.5,299.5
48,354.5,309.5
48,359.5,321
48,348,322
48,368.5,308.5
48,387.5,312.5
48,381,326
48,380.5,371
48,358,373
48,350,363.5
48,329,351
48,331.5,392.5
48,342,400
48,349.5,417
48,346.5,431
48,353,443
48,358.5,386
48,382,396.5
48,420.5,405
48,441,397.5
48,446.5,370.5
48,438,357.5
48,470,389
48,472,378
48,426,456.5
48,411,443.5
48,435.5,479
48,430,493
48,449,471.5
48,283,424
48,309.5,405.5
48,301,380.5
48,261.5,390.5
48,248.5,349.5
48,186,348
48,201.5,317
48,221.5,300.5
48,242,274
48,256,298.5
48,248.5,293
48,217.5,430.5
48,214.5,417.5
48,179,423.5
48,178,452.5
48,186.5,443.5
48,202,439
48,231.5,466.5
48,232,485
48,284,492.5
48,315,481
48,280.5,464
48,258.5,438
48,249.5,450.5
48,110.5,395.5
48,44,350
48,15.5,440
48,268.5,470.5
48,264.5,482.5
48,253.5,491
48,398.5,416.5
48,189,221
48,455,332.5
48,51.5,287.5
48,493,183.5
48,303.5,195
48,320,212
48,367.5,385.5